Index,Timestamp,From,To,Amount,Hash
0,1760978969.7438478,eco_miner,ZSONA-287a7fd64aed69dd30d3ee9ac5c565da,100,96f64b13d6d0461b33c64d17c8449316872ba55475c61b868bf28414b0e5505c
1,1760979261.6153789,eco_miner,ZSONA-287a7fd64aed69dd30d3ee9ac5c565da,101,a2f4fc71e8426fcb61337689a1394338dcbad1084d5963a23c01607a1f8cbe07
2,1760979434.792931,eco_miner,ZSONA-287a7fd64aed69dd30d3ee9ac5c565da,102,9ef0a9085c8f862b063e9a237ae144d6e09a08fa11134ddca40c3cd27001cebd
3,1760979769.3736062,eco_miner,ZSONA-287a7fd64aed69dd30d3ee9ac5c565da,103,db18274dbd73af61a5e34835ed7a0641975478af79202c019bbccd830c47ed14
4,1760979824.4980185,eco_miner,ZSONA-287a7fd64aed69dd30d3ee9ac5c565da,104,cdbefc2cb6859c00559704dfcbffdd4af169b4a0382934ce803f1719270beaea
5,1760979918.182012,eco_miner,ZSONA-287a7fd64aed69dd30d3ee9ac5c565da,105,18b3ecb2c6b4e05fc2403e3583f2b09fbcfdaa06ab2c06e64518a33227bb2ce1
6,1760979948.2257364,eco_miner,ZSONA-287a7fd64aed69dd30d3ee9ac5c565da,106,75b3f458f3fa2d058b7e99e4fb4ee3cc54a30fc24d036240b5b9d8af431015c9
7,1760979978.239624,eco_miner,ZSONA-287a7fd64aed69dd30d3ee9ac5c565da,107,123d15f6a5c479f005682b620fd1746d8edc61107830e0c75e315315a61824f2
8,1760980198.1035125,eco_miner,ZSONA-287a7fd64aed69dd30d3ee9ac5c565da,108,b3a78e5af860abaae3cb5a1c5a4aef0a099e5719db069a6c97b7c534cc2af8fe
9,1760980228.3126655,eco_miner,ZSONA-287a7fd64aed69dd30d3ee9ac5c565da,109,39c8dab6b6f06a4937ee58ac1a775af52319a82e4f516b655ae8f927c4cbbf9e
10,1760980258.3366566,eco_miner,ZSONA-287a7fd64aed69dd30d3ee9ac5c565da,110,bc36c3682035f3f362deb5ba3f0b2f9a048c67af3aa55f5b0d35cd19dedeee3e
11,1760980359.7553492,eco_miner,ZSONA-287a7fd64aed69dd30d3ee9ac5c565da,111,df37c3f0ed0cb5d89ba0ac35c27905fe2ebf0a5c5517af0462dbd5a0d771d3ea
12,1760980390.1160362,eco_miner,ZSONA-287a7fd64aed69dd30d3ee9ac5c565da,112,1ffe7d5308a307364e51d66d05f1fc27c635369022d4c19ad2c91c109e6567d0
13,1760980420.4614356,eco_miner,ZSONA-287a7fd64aed69dd30d3ee9ac5c565da,113,1286e208bea07e56312bcd04a1c868d6499965db975235b70d38fddd5c3af985
14,1760980440.8286169,eco_miner,ZSONA-287a7fd64aed69dd30d3ee9ac5c565da,114,8f8173202d739f4d85d9204026a74c0d0aafa43511facbf0d4064b62be6c2ad2
15,1760980450.501046,eco_miner,ZSONA-287a7fd64aed69dd30d3ee9ac5c565da,115,e3a43bd3efe3c555d1a71cd29a35c8477c701eaf4598d0e5e13c99dbabdd48b9
16,1760980537.9162314,eco_miner,ZSONA-287a7fd64aed69dd30d3ee9ac5c565da,116,8b5d97843222e9fd6f1508716276acc43af01c629381c54ef39ed7487b7e4af6
17,1760981785.6050181,eco_miner,ZSONA-287a7fd64aed69dd30d3ee9ac5c565da,117,f6db7aae56927a19aba9936b28bfcd519184aa85f1b567ab13ca5d03abc53230
18,1760981815.637732,eco_miner,ZSONA-287a7fd64aed69dd30d3ee9ac5c565da,118,4e61dd23560c70772e3b1973e219e18f6e029b22e7d3d5f791763b782be3b88e
19,1760981917.9078867,eco_miner,ZSONA-287a7fd64aed69dd30d3ee9ac5c565da,119,a0f053fc7c355cb0972c4f59be0f18b4eff161901dbbd367516d351dfec380f4
20,1760982164.744873,eco_miner,ZSONA-287a7fd64aed69dd30d3ee9ac5c565da,120,44abe75434d4df2a2d4bf777b4b1d13380d9a3c80368f2776f88b13324de613e
21,1760982195.0666287,eco_miner,ZSONA-287a7fd64aed69dd30d3ee9ac5c565da,121,fc4373e8da0cfdb2dee57171ac9198af2930f698f63df35fa0919c77a9f736c8
22,1760982245.9320016,eco_miner,ZSONA-287a7fd64aed69dd30d3ee9ac5c565da,122,a3faa7848f3f19dd2a694ca758e92fc72407b64a6c2a89fcaa7ef8426127eb8a
23,1760982276.2135842,eco_miner,ZSONA-287a7fd64aed69dd30d3ee9ac5c565da,123,91f15cfc196db239c8fb5d1c592f9ea6c5ea522a2050b1b152e71efa6a3cf905
24,1760982306.2451577,eco_miner,ZSONA-287a7fd64aed69dd30d3ee9ac5c565da,124,83647506d379769220fd09420e6324aeaa0002de18114b8971a96cc05b04268e
25,1760982336.2712965,eco_miner,ZSONA-287a7fd64aed69dd30d3ee9ac5c565da,125,9218359aa1c87b0300d58d1dd19d87d25daf2fc894a0558f38fff4d161cdb80a
26,1760982366.3048658,eco_miner,ZSONA-287a7fd64aed69dd30d3ee9ac5c565da,126,e568ec2eeaf53c3db2baa46dac199a53135224403194a5ef0ca952f8a4eb425e
27,1760982396.3364224,eco_miner,ZSONA-287a7fd64aed69dd30d3ee9ac5c565da,127,d40697c4e4125ef0f7496880764735bb2ef530991e170a5e0d56b430e8890023
28,1760982426.365449,eco_miner,ZSONA-287a7fd64aed69dd30d3ee9ac5c565da,128,b9584a0cd1917188e1ea411eb82265f56c9f0fbcf006c47fa32a7a93c6e7195b
29,1760982456.3992836,eco_miner,ZSONA-287a7fd64aed69dd30d3ee9ac5c565da,129,b8bda81a40819164c8b99be5e1a4d316be177fe92477c5f0cc7286f281748f5f
30,1760982486.4315755,eco_miner,ZSONA-287a7fd64aed69dd30d3ee9ac5c565da,130,e4fda24aa4fd93ec8d704f1665b927c66839d6184e253edd0e514c667c5de245
31,1760982516.4634757,eco_miner,ZSONA-287a7fd64aed69dd30d3ee9ac5c565da,131,ab57aa5878292f2361d5c3f3d57201c5c49191d87ea56bfd901b46caf349a472
32,1760982546.4989474,eco_miner,ZSONA-287a7fd64aed69dd30d3ee9ac5c565da,132,4f73990cb8bcf42f406e20a9c8bbc1269195ae00c2926f9fbe86536623764159
33,1760982576.5349338,eco_miner,ZSONA-287a7fd64aed69dd30d3ee9ac5c565da,133,52c568538fce123e8ec17851afc4c45e3c09c3ac3274c748f9126eedfbef815d
34,1760982606.5681474,eco_miner,ZSONA-287a7fd64aed69dd30d3ee9ac5c565da,134,c7b63dfd5ed88532886cd1f636e279a3b39e018748d2d518b548f0b851f8de09
35,1760982636.6050186,eco_miner,ZSONA-287a7fd64aed69dd30d3ee9ac5c565da,135,1a4906914d3f5f27909d04db200a28773d7c2ac0134123ba6b0830476325f30c
36,1760982666.6421504,eco_miner,ZSONA-287a7fd64aed69dd30d3ee9ac5c565da,136,e1b59070924c76bfd8c4d22a9021a0696c8ebcc626be65894b088900fed6e19c
37,1760982696.6761587,eco_miner,ZSONA-287a7fd64aed69dd30d3ee9ac5c565da,137,4d2a016273485e5417790cc7048e0b302cc4b59c88037d9fb41b69a3fd6f7d6b
38,1760982726.6941593,eco_miner,ZSONA-287a7fd64aed69dd30d3ee9ac5c565da,138,065a6be9248becda8f75f15e8e98c9927f93f83e66d3dfb2b1aa4960c6bd63e7
39,1760982756.7295244,eco_miner,ZSONA-287a7fd64aed69dd30d3ee9ac5c565da,139,83c3fc7a4b2b61e5036549d2d4d4763073ca0d8b5b3971053f3fff09352a7cb1
40,1760982786.7670355,eco_miner,ZSONA-287a7fd64aed69dd30d3ee9ac5c565da,140,6a41ed4710e17b551bf1e2628fd4a998436bf0fe3d3a606b5ba622100b48832f
41,1760982816.8044283,eco_miner,ZSONA-287a7fd64aed69dd30d3ee9ac5c565da,141,cd5e93abd3bdf538b084a3c3a34582e483404e0d887fbcd1dbdf743f559edb56
42,1760982846.840058,eco_miner,ZSONA-287a7fd64aed69dd30d3ee9ac5c565da,142,746bc2c655c59e3a9ddff0df646fab90069a8fc9cfd30b8e2942fcbb1cad8ae3
43,1760982876.8766584,eco_miner,ZSONA-287a7fd64aed69dd30d3ee9ac5c565da,143,12dde2b105634041723839f53f14fd94d8d201b47971909b245cfc331c64865e
44,1760982906.9097283,eco_miner,ZSONA-287a7fd64aed69dd30d3ee9ac5c565da,144,03d31b3cd91bf4ec4e98a7a556fe349dff021661391cf5884f3aa07f046260cb
45,1760982936.9460294,eco_miner,ZSONA-287a7fd64aed69dd30d3ee9ac5c565da,145,46f76754b0aec2b71f76b4fc5d0c583ac94bfff052e0f5b0a0550937e8854e99
46,1760982966.9830725,eco_miner,ZSONA-287a7fd64aed69dd30d3ee9ac5c565da,146,a236c39594b8983ea9672218734df37ce9c9ab5eef5c14fd1938c6e6f407c807
47,1760983216.2896016,eco_miner,ZSONA-287a7fd64aed69dd30d3ee9ac5c565da,147,b38d13a231eea22fa2dc60af5942e40ecd403de420c47ef28201bdfd700a3321
48,1760984032.682502,eco_miner,ZSONA-287a7fd64aed69dd30d3ee9ac5c565da,148,a599e09cb2b186930d91b2297a11957c0f66eef364a57d981a416494cf5f6d3a
49,1760984165.433462,eco_miner,ZSONA-287a7fd64aed69dd30d3ee9ac5c565da,149,5185ed039184cd86bf817d82867eff319dfffad528dff4e44bf46fdaa1ecd328
50,1760984195.6574435,eco_miner,ZSONA-287a7fd64aed69dd30d3ee9ac5c565da,150,42e68aeb8e272f827f8d1cb972cf2ca438e728f53bbd523cd7d43d7bc93363c7
51,1760984221.5237434,eco_miner,ZSONA-287a7fd64aed69dd30d3ee9ac5c565da,151,4678ed1b29476127d1c4b56b926ce7f0908328faf414b61fd52bac78f81c32cb
52,1760984225.6903312,eco_miner,ZSONA-287a7fd64aed69dd30d3ee9ac5c565da,152,5496a4ca58d3e50c8cdea90c5cc321dd7920126c52342114133b746566b09154
53,1760984251.568989,eco_miner,ZSONA-287a7fd64aed69dd30d3ee9ac5c565da,153,d7e77c3017bb27e84fbe03ef8e522976b04807d3ee0704985f83ed3589cecbf3
54,1760984255.7170725,eco_miner,ZSONA-287a7fd64aed69dd30d3ee9ac5c565da,154,cc9cc247b7ca5305bfa79a9330ed57453e9454cc3136bd7d9748e5f1d07d21a9
55,1760984324.388925,eco_miner,ZSONA-287a7fd64aed69dd30d3ee9ac5c565da,155,37ff7c2b167bb1df0786481114770d4d66c7807bd211803f7ff63a4a91340fc1
56,1760984452.7447343,eco_miner,ZSONA-287a7fd64aed69dd30d3ee9ac5c565da,156,be75152b1ceb65580f4a89a5685ac652bae43da0e10c7917e358001685c756d8
57,1760984476.3253286,eco_miner,ZSONA-287a7fd64aed69dd30d3ee9ac5c565da,157,e516f93f30339734aaa70eeb7628ced6aab74771eba776495abaaf8ffbf79807
58,1760984514.1806817,eco_miner,ZSONA-287a7fd64aed69dd30d3ee9ac5c565da,158,a5d8c1fa852f8a628ab4e3e2decb9411ba06f3135f24297f8bd653310dde35d5
59,1760984514.2706468,eco_miner,ZSONA-287a7fd64aed69dd30d3ee9ac5c565da,159,a2d6b3522af5b72eaba2f6acc39cb8a8febb8f3a871f059a0e22fa1f143eab2d
60,1760984565.0961206,eco_miner,ZSONA-287a7fd64aed69dd30d3ee9ac5c565da,160,52807d42db4f1a1105aa13b4efdba3c9d65f00dd3eceed50e098aa6b706a6be5
61,1760984565.1517396,eco_miner,ZSONA-287a7fd64aed69dd30d3ee9ac5c565da,161,2c08e67b77ef9c247d6d4c2ed849a6f9571fb16a797a077bc5e64614759f757b
62,1760984649.2160015,eco_miner,ZSONA-287a7fd64aed69dd30d3ee9ac5c565da,162,315cc25d48eb77e0f476ae1726482c21099fb3d44b7ab90863941d24904ef44e
63,1760984688.8125455,eco_miner,ZSONA-287a7fd64aed69dd30d3ee9ac5c565da,163,1e49915f3366b2a24f5afd626aec1bd788d2f3e4eba143daeb218741e07f0c1d
64,1760984688.8536932,eco_miner,ZSONA-287a7fd64aed69dd30d3ee9ac5c565da,164,a1aaa2127f456e659ce33886124fbfdee94d12cce37d3109549135bf6321dcd2
65,1760984731.3040679,eco_miner,ZSONA-287a7fd64aed69dd30d3ee9ac5c565da,165,dc7ea878c7a585325cef1aa4d44cd82ad2d7c06a356e98896046730d83cb524a
66,1760984788.1188493,eco_miner,ZSONA-287a7fd64aed69dd30d3ee9ac5c565da,166,3b9f9bcec705a1102c5388ad64a1705545788ba56ef1569db99deede5053fb05
67,1760984818.496989,eco_miner,ZSONA-287a7fd64aed69dd30d3ee9ac5c565da,167,3751f8245d0feeda62da2a548fe2a11ba8f26d3a337f0e2df816b8bf49570898
68,1760984920.8895438,eco_miner,ZSONA-287a7fd64aed69dd30d3ee9ac5c565da,168,af1ee09e5cb212c9becdf30cc7493e3038d013d6f7d0f12197fd316d097b4525
69,1760985008.6747038,eco_miner,ZSONA-287a7fd64aed69dd30d3ee9ac5c565da,169,884f634499cd01054a0a117b027d5b345c8f0bcdce1390744ce87ea08621184d
70,1760985045.8830504,eco_miner,ZSONA-287a7fd64aed69dd30d3ee9ac5c565da,170,12499553c87fad8e25188a878eb3c92aefb7eec4b5828dd4e48c97b8d46b25d3
71,1760985076.2912416,eco_miner,ZSONA-287a7fd64aed69dd30d3ee9ac5c565da,171,e5f134d0a4ee749ec2fc1a2a275808afab20d9106f0faf6b236b47e638fe26e0
72,1760985106.3355699,eco_miner,ZSONA-287a7fd64aed69dd30d3ee9ac5c565da,172,47863bd122f240c2230570828c9ea9d7527e3ba5909912f9bdb4b4b218aa3d0b
73,1760985184.6873233,eco_miner,ZSONA-287a7fd64aed69dd30d3ee9ac5c565da,173,18eb3ca2c0dbaac871a23b3c9782c2d6fd3211d438c12060f319d3210b606873
74,1760985237.1565497,eco_miner,ZSONA-287a7fd64aed69dd30d3ee9ac5c565da,174,6b88a363810876399c1b458690957d879d72dfd1dba1034dfaa0cd9993a80cdf
75,1760985334.5676925,eco_miner,ZSONA-287a7fd64aed69dd30d3ee9ac5c565da,175,e64a16cc9f5ccfdf755dcbc9a2fffa56a49cecc60215a3880422599e2e4efb11
76,1760985374.5448415,eco_miner,ZSONA-287a7fd64aed69dd30d3ee9ac5c565da,176,173e3c73a1118a428c1d2745e7c255ba5fbbb4c9d17199561a5402897edf0358
77,1760985404.9375181,eco_miner,ZSONA-287a7fd64aed69dd30d3ee9ac5c565da,177,71e3da004e38d29a67c4bc25779d3d667a08aa07d1bb591332384af00734c438
78,1760985443.0818703,eco_miner,ZSONA-287a7fd64aed69dd30d3ee9ac5c565da,178,04be10b3064b1a8a26e2c83c78a930a1c2a0417aa39766a894f89b03c726c542
79,1760985620.3087592,eco_miner,ZSONA-287a7fd64aed69dd30d3ee9ac5c565da,179,224902fcb35c18675118afad354d13e02dc7d22fa869ab23392dcff6b63a8ca6
80,1760985689.5075598,eco_miner,ZSONA-287a7fd64aed69dd30d3ee9ac5c565da,180,3e7fec429387a54fe05a44eef41e8cf18f466b033851fa79261a2585b265fc9f
81,1760985732.498952,eco_miner,ZSONA-287a7fd64aed69dd30d3ee9ac5c565da,181,7dfe3e3e0634f1847f34a943b85245c8d5b44825763642d4dd3645ee961e3ea7
82,1760985781.892528,eco_miner,ZSONA-287a7fd64aed69dd30d3ee9ac5c565da,182,85a1476ce61fba35c7929d09b07ea3cfba3ade08ff118325577933a4f6f05968
83,1760985785.2925735,eco_miner,ZSONA-287a7fd64aed69dd30d3ee9ac5c565da,183,b10e306130576b00e31d5944aecdf15bfffeea09f87e7d07fca3b71837ec39e5
84,1760985942.2363257,eco_miner,ZSONA-287a7fd64aed69dd30d3ee9ac5c565da,184,a06596b2127df4267e2e4d6e0c1eea237d0b8dd0931d193b5ebf62b4c979ab6f
85,1760986063.6445765,eco_miner,ZSONA-287a7fd64aed69dd30d3ee9ac5c565da,185,f10f5a8ff0ef2552ece20dc76e3866e39f645da25a3660144f925f4d1d79a2f9
86,1760986094.0812268,eco_miner,ZSONA-287a7fd64aed69dd30d3ee9ac5c565da,186,ac927bfd1dff422520a74e17e36da6df17563df25f7252817b2c0993ba4eee6c
87,1760986124.1441886,eco_miner,ZSONA-287a7fd64aed69dd30d3ee9ac5c565da,187,0823286f8e54273cff7852c72b773d9725d9e1423d70abf823757e22a28d4996
88,1760986240.6569753,eco_miner,ZSONA-287a7fd64aed69dd30d3ee9ac5c565da,188,ba17f5bece98a5054d8294c8976a952aaa1d434e9e63a406138f2c4d7bd41879
89,1760986272.3315592,eco_miner,ZSONA-287a7fd64aed69dd30d3ee9ac5c565da,189,d2dc9f85dd2bd3ba7613f0d07bb3c0eb334397f60773e2fea48a66483822d4d5
90,1760986320.6511457,eco_miner,ZSONA-287a7fd64aed69dd30d3ee9ac5c565da,190,15550045260b87292314e7e8398a8f50dc803369ec6a227e728c0df511a036dd
91,1760986350.9908552,eco_miner,ZSONA-287a7fd64aed69dd30d3ee9ac5c565da,191,4bbc633f1aa04b1fda44ed70b1f5cdb8e3e03fef0276373222a88ec91f811070
92,1760986398.3305244,eco_miner,ZSONA-287a7fd64aed69dd30d3ee9ac5c565da,192,c1f76bdcc9257e02416b1f85772e396da3dcaab0b42b96aaa877815adc49a2e3
93,1760986475.694069,eco_miner,ZSONA-287a7fd64aed69dd30d3ee9ac5c565da,193,a5d17d32ae92600c9a98b37b0fc187dff3b890d4a4b22a5f5656cca6fad759de
94,1760986529.4852366,eco_miner,ZSONA-287a7fd64aed69dd30d3ee9ac5c565da,194,1f8eefc5bf41d1fe86ad8ccbe7f794b2523f70181826ebe1277ccc6f33454ea6
95,1760986559.9550781,eco_miner,ZSONA-287a7fd64aed69dd30d3ee9ac5c565da,195,7897d1ef021542b24e20f99abb157486f3821d80b8deb4ff832447f788fb6579
96,1760986600.8698912,eco_miner,ZSONA-287a7fd64aed69dd30d3ee9ac5c565da,196,13926e52e7cceb645a82c1f7223eea6141d03c824988a358234e16ff64120381
97,1760986631.278097,eco_miner,ZSONA-287a7fd64aed69dd30d3ee9ac5c565da,197,aa68578e259a6a4ef41605bc4535e172c6fe96a9b3043222a845dad781c88379
98,1760986662.555775,eco_miner,ZSONA-287a7fd64aed69dd30d3ee9ac5c565da,198,f1d2cf4de25eedf3f3a71392774642d05f66279dbeca7e1f90ccd325836c5258
99,1760986692.8720567,eco_miner,ZSONA-287a7fd64aed69dd30d3ee9ac5c565da,199,06535a2bb410a313c84fcfe45007f635c94126ba0ee307d332039eda3b22e808
100,1760986734.2180161,eco_miner,ZSONA-287a7fd64aed69dd30d3ee9ac5c565da,200,5eba43e7d7fe947b8af1205f4475833bf412ae9cf8290ecd46bf8083f651367e
101,1760986824.0462523,eco_miner,ZSONA-287a7fd64aed69dd30d3ee9ac5c565da,201,37f999846c18006e74b49e64b76312300c8deae71f5ca4cbafd780beeb4051f7
102,1760986854.5078514,eco_miner,ZSONA-287a7fd64aed69dd30d3ee9ac5c565da,202,5ba52a75987fb3634e5711c485270bfb14fa84391e880b002da2f1b29b38613b
103,1760986884.575445,eco_miner,ZSONA-287a7fd64aed69dd30d3ee9ac5c565da,203,0a9f2689c526b21db12956b406d61fc951c27d2d05d337286f4e00c036a5eea3
104,1760986953.7951462,eco_miner,ZSONA-287a7fd64aed69dd30d3ee9ac5c565da,204,505a2a17b195349d0b9a1c255f3049507ff9e496fcae1f5a8c8eef749a10ffe4
105,1760986984.1928346,eco_miner,ZSONA-287a7fd64aed69dd30d3ee9ac5c565da,205,7581d2603e77ce1a1d3b7317bf20e4f40e1b0e6abafd20fab7e816c700d97602
106,1760987029.1770053,eco_miner,ZSONA-287a7fd64aed69dd30d3ee9ac5c565da,206,7541fe9670c923c4ce1d4885bb60ee0fc74c5c2a6ef0adbff43d65b5d342a553
107,1760987059.5767844,eco_miner,ZSONA-287a7fd64aed69dd30d3ee9ac5c565da,207,5325c18a2fe1809174472dd206e964641b4319e94e27fbcf5bea1fcc357a252e
108,1760987104.4862654,eco_miner,ZSONA-287a7fd64aed69dd30d3ee9ac5c565da,208,1ecfac12ebc90fc66e2052ed463c0247f68368d956512894d9e1ff3f820f838b
109,1760987170.7322202,eco_miner,ZSONA-287a7fd64aed69dd30d3ee9ac5c565da,209,0eec42fd3e74888b2a1b0a202b1ecadd4fe12a9089252e3f56a3c42a6cc8dd50
110,1760987201.1536355,eco_miner,ZSONA-287a7fd64aed69dd30d3ee9ac5c565da,210,c0cb84d3948a333dfe642e3df08aed9ecbfd0207e947c063755a4dda7cd7a976
111,1760987231.2046397,eco_miner,ZSONA-287a7fd64aed69dd30d3ee9ac5c565da,211,f4acff6e8a2f21f7df9b69f6697b50ecf9d52314b17ca59b4f598082515969ce
112,1760987261.2549965,eco_miner,ZSONA-287a7fd64aed69dd30d3ee9ac5c565da,212,35a1ed6f5f3449459cc5292f20ba27ea6bbec785c2a8a415e70f4529c0cf3e78
113,1760987291.3052816,eco_miner,ZSONA-287a7fd64aed69dd30d3ee9ac5c565da,213,6e62385ee5ad3c827864cc6e4ca16d2087e2bc0c91acef147186c5c40be3931b
114,1760987321.3564854,eco_miner,ZSONA-287a7fd64aed69dd30d3ee9ac5c565da,214,e505af01be3f5034f07a6b7996a01602cf989ee175760941a8832031ffa8b6ee
115,1760987351.402855,eco_miner,ZSONA-287a7fd64aed69dd30d3ee9ac5c565da,215,c456ab7af5bb3ae750f680b1998c9c494ce225ed41d691d0e206fff0e13590d1
116,1760987393.9008863,eco_miner,ZSONA-287a7fd64aed69dd30d3ee9ac5c565da,216,4296ee5df16304463a7b533145a5d054eb647a605de122ded1cce9b909932a0c
117,1760987470.7005646,eco_miner,ZSONA-287a7fd64aed69dd30d3ee9ac5c565da,217,400e184ece1780ba3a55a5de4bac72065fb1c7c76da8d57972784c1cbdba5287
118,1760987500.916109,eco_miner,ZSONA-287a7fd64aed69dd30d3ee9ac5c565da,218,c2ec50cd90efa703046dd7a9d6a01586e1a166680dfc83821a44dffebaff13f6
119,1760987557.3139157,eco_miner,ZSONA-287a7fd64aed69dd30d3ee9ac5c565da,219,a08a9158f8c5b83f1da1dd6313f9ee8d85275a216c4b1b3333a6eec820f88a4a
120,1760987587.7009902,eco_miner,ZSONA-287a7fd64aed69dd30d3ee9ac5c565da,220,8a9456ec898a1b4ac462c81d989d9a10edec84cd1fabee289bbf3a5a5f6c6e4f
121,1760987653.4771717,eco_miner,ZSONA-287a7fd64aed69dd30d3ee9ac5c565da,221,1123770bd66bdd93ef508776145bc5703ec65bfbf8afec6fe889bbca372fb19d
122,1760987683.8892624,eco_miner,ZSONA-287a7fd64aed69dd30d3ee9ac5c565da,222,834bb15f6505f18e774e8b51c1ce79f63def4ccec45c56b66ea0c90a2cf5c19b
123,1760987722.3069236,eco_miner,ZSONA-287a7fd64aed69dd30d3ee9ac5c565da,223,e7ff559a5e697cb4d9bd1546abe6d9394f2b5f5714abcebc427c351d06a3bd2d
124,1760987784.63376,eco_miner,ZSONA-287a7fd64aed69dd30d3ee9ac5c565da,224,04b9bc60953404a568b1b796599564b3940744875aab8d08d45e46873176e5e8
125,1760987814.9832115,eco_miner,ZSONA-287a7fd64aed69dd30d3ee9ac5c565da,225,548a2e9201387f72063d6378d070072b3b6799c67e9da00529e22dcb8f269696
126,1760987939.3479757,eco_miner,ZSONA-287a7fd64aed69dd30d3ee9ac5c565da,226,31d073702305dc73a373c258f170646dc186ed2502fc69456d23e4e695bb466e
127,1760987997.7616796,eco_miner,ZSONA-287a7fd64aed69dd30d3ee9ac5c565da,227,457d14bfa19f202b97ddb72a73ee9a76a9c51827237035eea0a9b27d3c758782
128,1760988003.642278,eco_miner,ZSONA-287a7fd64aed69dd30d3ee9ac5c565da,228,77899349b9d1ddc0383775db0dab07945028c2420ae31e97face8682b208b315
