{"timestamp": "2025-10-21T13:43:54.677724", "chain_id": "ZSONA-ROBERTO-0001", "token": "0xfc90516a1f736FaC557e09D8853dB80dA192c296", "dex": {"fee": "0.3%", "liquidity": 500000, "pairs": ["DSN/USDT", "DSN/BTC"], "status": "online", "volume_24h": 125000}, "pool": {"apy": "12.5%", "participants": 42, "reward_token": "NETkali $DSN", "status": "active", "total_staked": 750000}}
{"timestamp": "2025-10-21T14:27:57.658418", "chain_id": "ZSONA-ROBERTO-0001", "token": "0xfc90516a1f736FaC557e09D8853dB80dA192c296", "dex": {"fee": "0.3%", "liquidity": 500000, "pairs": ["DSN/USDT", "DSN/BTC"], "status": "online", "volume_24h": 125000}, "pool": {"apy": "12.5%", "participants": 42, "reward_token": "NETkali $DSN", "status": "active", "total_staked": 750000}}
{"timestamp": "2025-10-21T14:32:59.159728", "chain_id": "ZSONA-ROBERTO-0001", "token": "0xfc90516a1f736FaC557e09D8853dB80dA192c296", "dex": {"fee": "0.3%", "liquidity": 500000, "pairs": ["DSN/USDT", "DSN/BTC"], "status": "online", "volume_24h": 125000}, "pool": {"apy": "12.5%", "participants": 42, "reward_token": "NETkali $DSN", "status": "active", "total_staked": 750000}}
{"timestamp": "2025-10-21T14:40:14.300258", "chain_id": "ZSONA-ROBERTO-0001", "token": "0xfc90516a1f736FaC557e09D8853dB80dA192c296", "dex": {"fee": "0.3%", "liquidity": 500000, "pairs": ["DSN/USDT", "DSN/BTC"], "status": "online", "volume_24h": 125000}, "pool": {"apy": "12.5%", "participants": 42, "reward_token": "NETkali $DSN", "status": "active", "total_staked": 750000}}
{"timestamp": "2025-10-21T14:45:22.268622", "chain_id": "ZSONA-ROBERTO-0001", "token": "0xfc90516a1f736FaC557e09D8853dB80dA192c296", "dex": {"fee": "0.3%", "liquidity": 500000, "pairs": ["DSN/USDT", "DSN/BTC"], "status": "online", "volume_24h": 125000}, "pool": {"apy": "12.5%", "participants": 42, "reward_token": "NETkali $DSN", "status": "active", "total_staked": 750000}}
{"timestamp": "2025-10-21T14:51:20.527502", "chain_id": "ZSONA-ROBERTO-0001", "token": "0xfc90516a1f736FaC557e09D8853dB80dA192c296", "dex": {"fee": "0.3%", "liquidity": 500000, "pairs": ["DSN/USDT", "DSN/BTC"], "status": "online", "volume_24h": 125000}, "pool": {"apy": "12.5%", "participants": 42, "reward_token": "NETkali $DSN", "status": "active", "total_staked": 750000}}
{"timestamp": "2025-10-21T14:57:36.506446", "chain_id": "ZSONA-ROBERTO-0001", "token": "0xfc90516a1f736FaC557e09D8853dB80dA192c296", "dex": {"fee": "0.3%", "liquidity": 500000, "pairs": ["DSN/USDT", "DSN/BTC"], "status": "online", "volume_24h": 125000}, "pool": {"apy": "12.5%", "participants": 42, "reward_token": "NETkali $DSN", "status": "active", "total_staked": 750000}}
{"timestamp": "2025-10-21T15:13:26.389652", "chain_id": "ZSONA-ROBERTO-0001", "token": "0xfc90516a1f736FaC557e09D8853dB80dA192c296", "dex": {"fee": "0.3%", "liquidity": 500000, "pairs": ["DSN/USDT", "DSN/BTC"], "status": "online", "volume_24h": 125000}, "pool": {"apy": "12.5%", "participants": 42, "reward_token": "NETkali $DSN", "status": "active", "total_staked": 750000}}
{"timestamp": "2025-10-21T15:38:40.808286", "chain_id": "ZSONA-ROBERTO-0001", "token": "0xfc90516a1f736FaC557e09D8853dB80dA192c296", "dex": {"fee": "0.3%", "liquidity": 500000, "pairs": ["DSN/USDT", "DSN/BTC"], "status": "online", "volume_24h": 125000}, "pool": {"apy": "12.5%", "participants": 42, "reward_token": "NETkali $DSN", "status": "active", "total_staked": 750000}}
{"timestamp": "2025-10-21T15:45:20.314786", "chain_id": "ZSONA-ROBERTO-0001", "token": "0xfc90516a1f736FaC557e09D8853dB80dA192c296", "dex": {"fee": "0.3%", "liquidity": 500000, "pairs": ["DSN/USDT", "DSN/BTC"], "status": "online", "volume_24h": 125000}, "pool": {"apy": "12.5%", "participants": 42, "reward_token": "NETkali $DSN", "status": "active", "total_staked": 750000}}
{"timestamp": "2025-10-21T16:45:19.503676", "chain_id": "ZSONA-ROBERTO-0001", "token": "0xfc90516a1f736FaC557e09D8853dB80dA192c296", "dex": {"volume_24h": 125000}, "pool": {"apy": "12.5%"}}
{"timestamp": "2025-10-21T16:45:19.504094", "chain_id": "ZSONA-ROBERTO-0001", "token": "0xfc90516a1f736FaC557e09D8853dB80dA192c296", "dex": {"volume_24h": 125000}, "pool": {"apy": "12.5%"}}
{"timestamp": "2025-10-21T16:45:19.514776", "chain_id": "ZSONA-ROBERTO-0001", "token": "0xfc90516a1f736FaC557e09D8853dB80dA192c296", "dex": {"volume_24h": 125000}, "pool": {"apy": "12.5%"}}
{"timestamp": "2025-10-21T16:45:19.518631", "chain_id": "ZSONA-ROBERTO-0001", "token": "0xfc90516a1f736FaC557e09D8853dB80dA192c296", "dex": {"volume_24h": 125000}, "pool": {"apy": "12.5%"}}
{"timestamp": "2025-10-21T17:06:57.854545", "chain_id": "ZSONA-ROBERTO-0001", "token": "0xfc90516a1f736FaC557e09D8853dB80dA192c296", "dex": {"volume_24h": 125000}, "pool": {"apy": "12.5%"}}
{"timestamp": "2025-10-21T17:06:57.871256", "chain_id": "ZSONA-ROBERTO-0001", "token": "0xfc90516a1f736FaC557e09D8853dB80dA192c296", "dex": {"volume_24h": 125000}, "pool": {"apy": "12.5%"}}
{"timestamp": "2025-10-21T17:06:57.886146", "chain_id": "ZSONA-ROBERTO-0001", "token": "0xfc90516a1f736FaC557e09D8853dB80dA192c296", "dex": {"volume_24h": 125000}, "pool": {"apy": "12.5%"}}
{"timestamp": "2025-10-21T17:06:57.898784", "chain_id": "ZSONA-ROBERTO-0001", "token": "0xfc90516a1f736FaC557e09D8853dB80dA192c296", "dex": {"volume_24h": 125000}, "pool": {"apy": "12.5%"}}
{"timestamp": "2025-10-21T17:30:14.416919", "chain_id": "ZSONA-ROBERTO-0001", "token": "0xfc90516a1f736FaC557e09D8853dB80dA192c296", "dex": {"volume_24h": 125000}, "pool": {"apy": "12.5%"}}
{"timestamp": "2025-10-21T17:36:17.383571", "chain_id": "ZSONA-ROBERTO-0001", "token": "0xfc90516a1f736FaC557e09D8853dB80dA192c296", "dex": {"volume_24h": 125000}, "pool": {"apy": "12.5%"}}
{"timestamp": "2025-10-21T17:36:17.449197", "chain_id": "ZSONA-ROBERTO-0001", "token": "0xfc90516a1f736FaC557e09D8853dB80dA192c296", "dex": {"volume_24h": 125000}, "pool": {"apy": "12.5%"}}
{"timestamp": "2025-10-21T17:36:17.445149", "chain_id": "ZSONA-ROBERTO-0001", "token": "0xfc90516a1f736FaC557e09D8853dB80dA192c296", "dex": {"volume_24h": 125000}, "pool": {"apy": "12.5%"}}
{"timestamp": "2025-10-21T17:36:17.457959", "chain_id": "ZSONA-ROBERTO-0001", "token": "0xfc90516a1f736FaC557e09D8853dB80dA192c296", "dex": {"volume_24h": 125000}, "pool": {"apy": "12.5%"}}
{"timestamp": "2025-10-21T17:40:42.278718", "chain_id": "ZSONA-ROBERTO-0001", "token": "0xfc90516a1f736FaC557e09D8853dB80dA192c296", "dex": {"volume_24h": 125000}, "pool": {"apy": "12.5%"}}
{"timestamp": "2025-10-21T17:41:17.444653", "chain_id": "ZSONA-ROBERTO-0001", "token": "0xfc90516a1f736FaC557e09D8853dB80dA192c296", "dex": {"volume_24h": 125000}, "pool": {"apy": "12.5%"}}
{"timestamp": "2025-10-21T17:41:17.521911", "chain_id": "ZSONA-ROBERTO-0001", "token": "0xfc90516a1f736FaC557e09D8853dB80dA192c296", "dex": {"volume_24h": 125000}, "pool": {"apy": "12.5%"}}
{"timestamp": "2025-10-21T17:41:17.525272", "chain_id": "ZSONA-ROBERTO-0001", "token": "0xfc90516a1f736FaC557e09D8853dB80dA192c296", "dex": {"volume_24h": 125000}, "pool": {"apy": "12.5%"}}
{"timestamp": "2025-10-21T17:41:17.531474", "chain_id": "ZSONA-ROBERTO-0001", "token": "0xfc90516a1f736FaC557e09D8853dB80dA192c296", "dex": {"volume_24h": 125000}, "pool": {"apy": "12.5%"}}
{"timestamp": "2025-10-21T17:45:42.303810", "chain_id": "ZSONA-ROBERTO-0001", "token": "0xfc90516a1f736FaC557e09D8853dB80dA192c296", "dex": {"volume_24h": 125000}, "pool": {"apy": "12.5%"}}
{"timestamp": "2025-10-21T17:46:17.470487", "chain_id": "ZSONA-ROBERTO-0001", "token": "0xfc90516a1f736FaC557e09D8853dB80dA192c296", "dex": {"volume_24h": 125000}, "pool": {"apy": "12.5%"}}
{"timestamp": "2025-10-21T17:46:17.555322", "chain_id": "ZSONA-ROBERTO-0001", "token": "0xfc90516a1f736FaC557e09D8853dB80dA192c296", "dex": {"volume_24h": 125000}, "pool": {"apy": "12.5%"}}
{"timestamp": "2025-10-21T17:46:17.560644", "chain_id": "ZSONA-ROBERTO-0001", "token": "0xfc90516a1f736FaC557e09D8853dB80dA192c296", "dex": {"volume_24h": 125000}, "pool": {"apy": "12.5%"}}
{"timestamp": "2025-10-21T17:46:17.562459", "chain_id": "ZSONA-ROBERTO-0001", "token": "0xfc90516a1f736FaC557e09D8853dB80dA192c296", "dex": {"volume_24h": 125000}, "pool": {"apy": "12.5%"}}
{"timestamp": "2025-10-21T17:50:42.333661", "chain_id": "ZSONA-ROBERTO-0001", "token": "0xfc90516a1f736FaC557e09D8853dB80dA192c296", "dex": {"volume_24h": 125000}, "pool": {"apy": "12.5%"}}
{"timestamp": "2025-10-21T17:51:17.499705", "chain_id": "ZSONA-ROBERTO-0001", "token": "0xfc90516a1f736FaC557e09D8853dB80dA192c296", "dex": {"volume_24h": 125000}, "pool": {"apy": "12.5%"}}
{"timestamp": "2025-10-21T17:51:17.586854", "chain_id": "ZSONA-ROBERTO-0001", "token": "0xfc90516a1f736FaC557e09D8853dB80dA192c296", "dex": {"volume_24h": 125000}, "pool": {"apy": "12.5%"}}
{"timestamp": "2025-10-21T17:51:17.591207", "chain_id": "ZSONA-ROBERTO-0001", "token": "0xfc90516a1f736FaC557e09D8853dB80dA192c296", "dex": {"volume_24h": 125000}, "pool": {"apy": "12.5%"}}
{"timestamp": "2025-10-21T17:51:17.592975", "chain_id": "ZSONA-ROBERTO-0001", "token": "0xfc90516a1f736FaC557e09D8853dB80dA192c296", "dex": {"volume_24h": 125000}, "pool": {"apy": "12.5%"}}
{"timestamp": "2025-10-21T17:55:42.362675", "chain_id": "ZSONA-ROBERTO-0001", "token": "0xfc90516a1f736FaC557e09D8853dB80dA192c296", "dex": {"volume_24h": 125000}, "pool": {"apy": "12.5%"}}
{"timestamp": "2025-10-21T17:56:17.526049", "chain_id": "ZSONA-ROBERTO-0001", "token": "0xfc90516a1f736FaC557e09D8853dB80dA192c296", "dex": {"volume_24h": 125000}, "pool": {"apy": "12.5%"}}
{"timestamp": "2025-10-21T17:56:17.620022", "chain_id": "ZSONA-ROBERTO-0001", "token": "0xfc90516a1f736FaC557e09D8853dB80dA192c296", "dex": {"volume_24h": 125000}, "pool": {"apy": "12.5%"}}
{"timestamp": "2025-10-21T17:56:17.621734", "chain_id": "ZSONA-ROBERTO-0001", "token": "0xfc90516a1f736FaC557e09D8853dB80dA192c296", "dex": {"volume_24h": 125000}, "pool": {"apy": "12.5%"}}
{"timestamp": "2025-10-21T17:56:17.625978", "chain_id": "ZSONA-ROBERTO-0001", "token": "0xfc90516a1f736FaC557e09D8853dB80dA192c296", "dex": {"volume_24h": 125000}, "pool": {"apy": "12.5%"}}
{"timestamp": "2025-10-21T18:08:39.210878", "chain_id": "ZSONA-ROBERTO-0001", "token": "0xfc90516a1f736FaC557e09D8853dB80dA192c296", "dex": {"volume_24h": 125000}, "pool": {"apy": "12.5%"}}
{"timestamp": "2025-10-21T18:08:39.212619", "chain_id": "ZSONA-ROBERTO-0001", "token": "0xfc90516a1f736FaC557e09D8853dB80dA192c296", "dex": {"volume_24h": 125000}, "pool": {"apy": "12.5%"}}
{"timestamp": "2025-10-21T18:08:39.215082", "chain_id": "ZSONA-ROBERTO-0001", "token": "0xfc90516a1f736FaC557e09D8853dB80dA192c296", "dex": {"volume_24h": 125000}, "pool": {"apy": "12.5%"}}
{"timestamp": "2025-10-21T18:08:39.217175", "chain_id": "ZSONA-ROBERTO-0001", "token": "0xfc90516a1f736FaC557e09D8853dB80dA192c296", "dex": {"volume_24h": 125000}, "pool": {"apy": "12.5%"}}
{"timestamp": "2025-10-21T18:08:39.219005", "chain_id": "ZSONA-ROBERTO-0001", "token": "0xfc90516a1f736FaC557e09D8853dB80dA192c296", "dex": {"volume_24h": 125000}, "pool": {"apy": "12.5%"}}
{"timestamp": "2025-10-21T18:20:09.009539", "chain_id": "ZSONA-ROBERTO-0001", "token": "0xfc90516a1f736FaC557e09D8853dB80dA192c296", "dex": {"volume_24h": 125000}, "pool": {"apy": "12.5%"}}
{"timestamp": "2025-10-21T18:20:09.023087", "chain_id": "ZSONA-ROBERTO-0001", "token": "0xfc90516a1f736FaC557e09D8853dB80dA192c296", "dex": {"volume_24h": 125000}, "pool": {"apy": "12.5%"}}
{"timestamp": "2025-10-21T18:20:09.035328", "chain_id": "ZSONA-ROBERTO-0001", "token": "0xfc90516a1f736FaC557e09D8853dB80dA192c296", "dex": {"volume_24h": 125000}, "pool": {"apy": "12.5%"}}
{"timestamp": "2025-10-21T18:20:09.044992", "chain_id": "ZSONA-ROBERTO-0001", "token": "0xfc90516a1f736FaC557e09D8853dB80dA192c296", "dex": {"volume_24h": 125000}, "pool": {"apy": "12.5%"}}
{"timestamp": "2025-10-21T18:22:21.171127", "chain_id": "ZSONA-ROBERTO-0001", "token": "0xfc90516a1f736FaC557e09D8853dB80dA192c296", "dex": {"volume_24h": 125000}, "pool": {"apy": "12.5%"}}
{"timestamp": "2025-10-21T18:24:36.494457", "chain_id": "ZSONA-ROBERTO-0001", "token": "0xfc90516a1f736FaC557e09D8853dB80dA192c296", "dex": {"volume_24h": 125000}, "pool": {"apy": "12.5%"}}
{"timestamp": "2025-10-21T18:25:09.092663", "chain_id": "ZSONA-ROBERTO-0001", "token": "0xfc90516a1f736FaC557e09D8853dB80dA192c296", "dex": {"volume_24h": 125000}, "pool": {"apy": "12.5%"}}
{"timestamp": "2025-10-21T18:25:09.097052", "chain_id": "ZSONA-ROBERTO-0001", "token": "0xfc90516a1f736FaC557e09D8853dB80dA192c296", "dex": {"volume_24h": 125000}, "pool": {"apy": "12.5%"}}
{"timestamp": "2025-10-21T18:25:09.099632", "chain_id": "ZSONA-ROBERTO-0001", "token": "0xfc90516a1f736FaC557e09D8853dB80dA192c296", "dex": {"volume_24h": 125000}, "pool": {"apy": "12.5%"}}
{"timestamp": "2025-10-21T18:25:09.104181", "chain_id": "ZSONA-ROBERTO-0001", "token": "0xfc90516a1f736FaC557e09D8853dB80dA192c296", "dex": {"volume_24h": 125000}, "pool": {"apy": "12.5%"}}
{"timestamp": "2025-10-21T18:30:04.324165", "chain_id": "ZSONA-ROBERTO-0001", "token": "0xfc90516a1f736FaC557e09D8853dB80dA192c296", "dex": {"volume_24h": 125000}, "pool": {"apy": "12.5%"}}
{"timestamp": "2025-10-21T18:30:09.125224", "chain_id": "ZSONA-ROBERTO-0001", "token": "0xfc90516a1f736FaC557e09D8853dB80dA192c296", "dex": {"volume_24h": 125000}, "pool": {"apy": "12.5%"}}
{"timestamp": "2025-10-21T18:30:09.130595", "chain_id": "ZSONA-ROBERTO-0001", "token": "0xfc90516a1f736FaC557e09D8853dB80dA192c296", "dex": {"volume_24h": 125000}, "pool": {"apy": "12.5%"}}
{"timestamp": "2025-10-21T18:30:09.133692", "chain_id": "ZSONA-ROBERTO-0001", "token": "0xfc90516a1f736FaC557e09D8853dB80dA192c296", "dex": {"volume_24h": 125000}, "pool": {"apy": "12.5%"}}
{"timestamp": "2025-10-21T18:30:09.135762", "chain_id": "ZSONA-ROBERTO-0001", "token": "0xfc90516a1f736FaC557e09D8853dB80dA192c296", "dex": {"volume_24h": 125000}, "pool": {"apy": "12.5%"}}
{"timestamp": "2025-10-21T18:30:56.860490", "chain_id": "ZSONA-ROBERTO-0001", "token": "0xfc90516a1f736FaC557e09D8853dB80dA192c296", "dex": {"volume_24h": 125000}, "pool": {"apy": "12.5%"}}
{"timestamp": "2025-10-21T18:36:06.742563", "chain_id": "ZSONA-ROBERTO-0001", "token": "0xfc90516a1f736FaC557e09D8853dB80dA192c296", "dex": {"volume_24h": 125000}, "pool": {"apy": "12.5%"}}
{"timestamp": "2025-10-21T18:36:06.746754", "chain_id": "ZSONA-ROBERTO-0001", "token": "0xfc90516a1f736FaC557e09D8853dB80dA192c296", "dex": {"volume_24h": 125000}, "pool": {"apy": "12.5%"}}
{"timestamp": "2025-10-21T18:36:06.777563", "chain_id": "ZSONA-ROBERTO-0001", "token": "0xfc90516a1f736FaC557e09D8853dB80dA192c296", "dex": {"volume_24h": 125000}, "pool": {"apy": "12.5%"}}
{"timestamp": "2025-10-21T18:36:06.802122", "chain_id": "ZSONA-ROBERTO-0001", "token": "0xfc90516a1f736FaC557e09D8853dB80dA192c296", "dex": {"volume_24h": 125000}, "pool": {"apy": "12.5%"}}
